MAE,RMSE,R2
0.014265157435644143,0.027491385762023746,0.9993275673525578
